{
  "project_info": {
    "project_number": "808924572807",
    "firebase_url": "https://assignment4-80ca6.firebaseio.com",
    "project_id": "assignment4-80ca6",
    "storage_bucket": "assignment4-80ca6.appspot.com"
  },
  "client": [
    {
      "client_info": {
        "mobilesdk_app_id": "1:808924572807:android:36f3534c1d91416251dc22",
        "android_client_info": {
          "package_name": "com.example.realassignment4"
        }
      },
      "oauth_client": [
        {
          "client_id": "808924572807-1j8te9umb2aua4eom4jlmqitatcsqig6.apps.googleusercontent.com",
          "client_type": 1,
          "android_info": {
            "package_name": "com.example.realassignment4",
            "certificate_hash": "35bdddd6298e27f9dea39b3d874f8b2cfab9b32f"
          }
        },
        {
          "client_id": "808924572807-mjpshq4l9mm4q0953nklevvstma3be4f.apps.googleusercontent.com",
          "client_type": 3
        }
      ],
      "api_key": [
        {
          "current_key": "AIzaSyBjLweP0xwiF42JNAFzHPtnwG6pnfEb9_w"
        }
      ],
      "services": {
        "appinvite_service": {
          "other_platform_oauth_client": [
            {
              "client_id": "808924572807-mjpshq4l9mm4q0953nklevvstma3be4f.apps.googleusercontent.com",
              "client_type": 3
            }
          ]
        }
      }
    }
  ],
  "configuration_version": "1"
}